-- =============================================
-- PART 2: Contratos, Compras e Financeiro
-- =============================================

-- =============================================
-- 1. Contratos
-- =============================================
INSERT INTO "Contratos" (
    "Id", "EmpresaId", "ObraId", "FornecedorId", "Numero", "Objeto", "Descricao",
    "Tipo", "Status", "DataAssinatura", "DataVigenciaInicio", "DataVigenciaFim",
    "DataEncerramento", "ValorGlobal", "ValorAditivos", "ValorMedidoAcumulado",
    "ValorPagoAcumulado", "PercentualRetencao", "ValorRetencao",
    "CondicoesPagamento", "DiasParaMedicao", "DiasParaPagamento",
    "Observacoes", "ArquivoUrl", "AssinadoPor", "FiscalId",
    "CreatedAt", "UpdatedAt", "CreatedBy", "UpdatedBy",
    "IsDeleted", "DeletedAt", "DeletedBy"
) VALUES
('d1000000-0000-0000-0000-000000000001', '10000000-0000-0000-0000-000000000001', 'b1000000-0000-0000-0000-000000000001', 'f1000000-0000-0000-0000-000000000001', 'CTR-0101', 'Fornecimento e montagem de estrutura metálica', 'Contrato global para fornecimento, fabricação e montagem de estrutura metálica do edifício residencial Vila Nova.', 1, 2, '2025-03-15', '2025-04-01', '2026-03-31', NULL, 2850000.00, 0.00, 1425000.00, 1140000.00, 5.00, 142500.00, 'Pagamento 30 dias após medição aprovada', 30, 30, 'Inclui material, mão de obra e equipamentos', NULL, '20000000-0000-0000-0000-000000000002', 'e1000000-0000-0000-0000-000000000005', NOW(), NOW(), '20000000-0000-0000-0000-000000000002', '20000000-0000-0000-0000-000000000002', false, NULL, '00000000-0000-0000-0000-000000000000'),
('d1000000-0000-0000-0000-000000000002', '10000000-0000-0000-0000-000000000001', 'b1000000-0000-0000-0000-000000000002', 'f1000000-0000-0000-0000-000000000003', 'CTR-0102', 'Instalações elétricas prediais', 'Contrato por medição para execução de instalações elétricas completas do centro comercial.', 2, 2, '2025-05-10', '2025-06-01', '2026-05-31', NULL, 1750000.00, 180000.00, 525000.00, 420000.00, 5.00, 87500.00, 'Medição quinzenal, pagamento em 15 dias', 15, 15, 'Conforme projeto executivo rev.03', NULL, '20000000-0000-0000-0000-000000000002', 'e1000000-0000-0000-0000-000000000008', NOW(), NOW(), '20000000-0000-0000-0000-000000000002', '20000000-0000-0000-0000-000000000002', false, NULL, '00000000-0000-0000-0000-000000000000'),
('d1000000-0000-0000-0000-000000000003', '10000000-0000-0000-0000-000000000001', 'b1000000-0000-0000-0000-000000000003', 'f1000000-0000-0000-0000-000000000006', 'CTR-0103', 'Serviços de topografia e georreferenciamento', 'Contrato de prestação de serviços topográficos para acompanhamento da obra de infraestrutura viária.', 5, 2, '2025-07-20', '2025-08-01', '2026-01-31', NULL, 520000.00, 0.00, 260000.00, 208000.00, 3.00, 15600.00, 'Pagamento mensal conforme relatório de atividades', 30, 20, 'Inclui levantamento planialtimétrico e locação de obra', NULL, '20000000-0000-0000-0000-000000000002', 'e1000000-0000-0000-0000-000000000010', NOW(), NOW(), '20000000-0000-0000-0000-000000000002', '20000000-0000-0000-0000-000000000002', false, NULL, '00000000-0000-0000-0000-000000000000'),
('d1000000-0000-0000-0000-000000000004', '10000000-0000-0000-0000-000000000001', 'b1000000-0000-0000-0000-000000000001', 'f1000000-0000-0000-0000-000000000002', 'CTR-0104', 'Execução de fundações profundas tipo estaca hélice contínua', 'Contrato para execução de fundações profundas incluindo mobilização de equipamentos e execução de estacas.', 2, 1, '2025-10-01', '2025-11-01', '2026-04-30', NULL, 980000.00, 0.00, 0.00, 0.00, 5.00, 0.00, 'Pagamento por medição mensal, 30 dias após aprovação', 30, 30, 'Aguardando aprovação da diretoria', NULL, NULL, NULL, NOW(), NOW(), '20000000-0000-0000-0000-000000000002', '20000000-0000-0000-0000-000000000002', false, NULL, '00000000-0000-0000-0000-000000000000');

-- =============================================
-- 2. AditivosContrato
-- =============================================
INSERT INTO "AditivosContrato" (
    "Id", "EmpresaId", "ContratoId", "Numero", "Tipo", "Justificativa",
    "DataAssinatura", "ValorAditivo", "ProrrogacaoDias", "NovaDataVigencia", "ArquivoUrl",
    "CreatedAt", "UpdatedAt", "CreatedBy", "UpdatedBy", "IsDeleted", "DeletedAt", "DeletedBy"
) VALUES
('d2000000-0000-0000-0000-000000000001', '10000000-0000-0000-0000-000000000001', 'd1000000-0000-0000-0000-000000000002', 'ADT-001', 'Valor', 'Acréscimo de serviços de cabeamento estruturado categoria 6A não previstos no escopo original.', '2025-08-20', 180000.00, NULL, NULL, NULL, NOW(), NOW(), '20000000-0000-0000-0000-000000000002', '20000000-0000-0000-0000-000000000002', false, NULL, '00000000-0000-0000-0000-000000000000'),
('d2000000-0000-0000-0000-000000000002', '10000000-0000-0000-0000-000000000001', 'd1000000-0000-0000-0000-000000000001', 'ADT-002', 'Prazo', 'Prorrogação de prazo devido a atraso na entrega de perfis metálicos pelo fabricante.', '2025-11-10', 0.00, 60, '2026-05-31', NULL, NOW(), NOW(), '20000000-0000-0000-0000-000000000002', '20000000-0000-0000-0000-000000000002', false, NULL, '00000000-0000-0000-0000-000000000000'),
('d2000000-0000-0000-0000-000000000003', '10000000-0000-0000-0000-000000000001', 'd1000000-0000-0000-0000-000000000003', 'ADT-003', 'PrazoValor', 'Inclusão de serviços de monitoramento topográfico contínuo com extensão de prazo para cobertura da fase de pavimentação.', '2025-12-05', 75000.00, 90, '2026-04-30', NULL, NOW(), NOW(), '20000000-0000-0000-0000-000000000002', '20000000-0000-0000-0000-000000000002', false, NULL, '00000000-0000-0000-0000-000000000000');

-- =============================================
-- 3. MedicoesContratuais
-- =============================================
INSERT INTO "MedicoesContratuais" (
    "Id", "EmpresaId", "ContratoId", "Numero", "Periodo", "DataInicio", "DataFim",
    "Status", "ValorMedicao", "ValorRetencao", "PercentualMedicao", "PercentualAcumulado",
    "DataSubmissao", "AnalisadoPor", "DataAnalise", "AprovadoPor", "DataAprovacao",
    "MotivoRejeicao", "Observacoes", "ArquivoUrl",
    "CreatedAt", "UpdatedAt", "CreatedBy", "UpdatedBy", "IsDeleted", "DeletedAt", "DeletedBy"
) VALUES
('d3000000-0000-0000-0000-000000000001', '10000000-0000-0000-0000-000000000001', 'd1000000-0000-0000-0000-000000000001', 'MED-001', 1, '2025-04-01', '2025-04-30', 5, 475000.00, 23750.00, 16.67, 16.67, '2025-05-02', '20000000-0000-0000-0000-000000000002', '2025-05-03', '20000000-0000-0000-0000-000000000002', '2025-05-04', NULL, 'Fabricação e entrega dos primeiros lotes de pilares metálicos', NULL, NOW(), NOW(), '20000000-0000-0000-0000-000000000002', '20000000-0000-0000-0000-000000000002', false, NULL, '00000000-0000-0000-0000-000000000000'),
('d3000000-0000-0000-0000-000000000002', '10000000-0000-0000-0000-000000000001', 'd1000000-0000-0000-0000-000000000001', 'MED-002', 2, '2025-05-01', '2025-05-31', 5, 570000.00, 28500.00, 20.00, 36.67, '2025-06-02', '20000000-0000-0000-0000-000000000002', '2025-06-04', '20000000-0000-0000-0000-000000000002', '2025-06-05', NULL, 'Montagem da estrutura metálica dos pavimentos 1 a 5', NULL, NOW(), NOW(), '20000000-0000-0000-0000-000000000002', '20000000-0000-0000-0000-000000000002', false, NULL, '00000000-0000-0000-0000-000000000000'),
('d3000000-0000-0000-0000-000000000003', '10000000-0000-0000-0000-000000000001', 'd1000000-0000-0000-0000-000000000001', 'MED-003', 3, '2025-06-01', '2025-06-30', 4, 380000.00, 19000.00, 13.33, 50.00, '2025-07-01', '20000000-0000-0000-0000-000000000002', '2025-07-03', '20000000-0000-0000-0000-000000000002', '2025-07-04', NULL, 'Montagem da estrutura metálica dos pavimentos 6 a 8', NULL, NOW(), NOW(), '20000000-0000-0000-0000-000000000002', '20000000-0000-0000-0000-000000000002', false, NULL, '00000000-0000-0000-0000-000000000000'),
('d3000000-0000-0000-0000-000000000004', '10000000-0000-0000-0000-000000000001', 'd1000000-0000-0000-0000-000000000002', 'MED-004', 1, '2025-06-01', '2025-06-30', 5, 350000.00, 17500.00, 20.00, 20.00, '2025-07-02', '20000000-0000-0000-0000-000000000002', '2025-07-03', '20000000-0000-0000-0000-000000000002', '2025-07-04', NULL, 'Infraestrutura elétrica do subsolo e térreo', NULL, NOW(), NOW(), '20000000-0000-0000-0000-000000000002', '20000000-0000-0000-0000-000000000002', false, NULL, '00000000-0000-0000-0000-000000000000'),
('d3000000-0000-0000-0000-000000000005', '10000000-0000-0000-0000-000000000001', 'd1000000-0000-0000-0000-000000000002', 'MED-005', 2, '2025-07-01', '2025-07-31', 4, 175000.00, 8750.00, 10.00, 30.00, '2025-08-01', '20000000-0000-0000-0000-000000000002', '2025-08-03', '20000000-0000-0000-0000-000000000002', '2025-08-04', NULL, 'Passagem de fiação e instalação de quadros - Pav. 1 e 2', NULL, NOW(), NOW(), '20000000-0000-0000-0000-000000000002', '20000000-0000-0000-0000-000000000002', false, NULL, '00000000-0000-0000-0000-000000000000'),
('d3000000-0000-0000-0000-000000000006', '10000000-0000-0000-0000-000000000001', 'd1000000-0000-0000-0000-000000000003', 'MED-006', 1, '2025-08-01', '2025-08-31', 1, 86667.00, 2600.00, 16.67, 16.67, NULL, NULL, NULL, NULL, NULL, NULL, 'Levantamento planialtimétrico e locação das estacas de fundação', NULL, NOW(), NOW(), '20000000-0000-0000-0000-000000000002', '20000000-0000-0000-0000-000000000002', false, NULL, '00000000-0000-0000-0000-000000000000');

-- =============================================
-- 4. Cotacoes
-- =============================================
INSERT INTO "Cotacoes" (
    "Id", "EmpresaId", "ObraId", "Numero", "Titulo", "Status",
    "DataAbertura", "DataFechamento", "DataLimiteResposta",
    "Observacoes", "CondicoesGerais", "CriadoPor", "FornecedorVencedorId",
    "CreatedAt", "UpdatedAt", "CreatedBy", "UpdatedBy", "IsDeleted", "DeletedAt", "DeletedBy"
) VALUES
('a1000000-0000-0000-0000-000000000001', '10000000-0000-0000-0000-000000000001', 'b1000000-0000-0000-0000-000000000001', 'COT-0001', 'Aço CA-50 e CA-60 para estrutura - Edifício Vila Nova', 1, '2025-09-01', NULL, '2025-09-15', 'Entrega parcelada conforme cronograma', 'Preços CIF no canteiro. Prazo pagamento mínimo 30 dias.', '20000000-0000-0000-0000-000000000002', NULL, NOW(), NOW(), '20000000-0000-0000-0000-000000000002', '20000000-0000-0000-0000-000000000002', false, NULL, '00000000-0000-0000-0000-000000000000'),
('a1000000-0000-0000-0000-000000000002', '10000000-0000-0000-0000-000000000001', 'b1000000-0000-0000-0000-000000000002', 'COT-0002', 'Material elétrico - Quadros e disjuntores centro comercial', 2, '2025-06-15', '2025-07-02', '2025-07-01', 'Materiais devem atender norma NBR 5410', 'Garantia mínima de 12 meses. Entrega em lote único.', '20000000-0000-0000-0000-000000000002', 'f1000000-0000-0000-0000-000000000003', NOW(), NOW(), '20000000-0000-0000-0000-000000000002', '20000000-0000-0000-0000-000000000002', false, NULL, '00000000-0000-0000-0000-000000000000'),
('a1000000-0000-0000-0000-000000000003', '10000000-0000-0000-0000-000000000001', 'b1000000-0000-0000-0000-000000000003', 'COT-0003', 'Concreto usinado FCK 30 e 40 para infraestrutura viária', 3, '2025-04-10', '2025-04-28', '2025-04-25', 'Volume estimado de 2.500 m³ ao longo de 6 meses', 'Entrega com bomba lança. Slump test obrigatório.', '20000000-0000-0000-0000-000000000002', 'f1000000-0000-0000-0000-000000000002', NOW(), NOW(), '20000000-0000-0000-0000-000000000002', '20000000-0000-0000-0000-000000000002', false, NULL, '00000000-0000-0000-0000-000000000000');

-- =============================================
-- 5. ItensCotacao
-- =============================================
INSERT INTO "ItensCotacao" (
    "Id", "EmpresaId", "CotacaoId", "MaterialId", "Descricao", "UnidadeMedida",
    "Quantidade", "Especificacao", "PrecoReferencia", "Ordem",
    "CreatedAt", "UpdatedAt", "CreatedBy", "UpdatedBy", "IsDeleted", "DeletedAt", "DeletedBy"
) VALUES
('a2000000-0000-0000-0000-000000000001', '10000000-0000-0000-0000-000000000001', 'a1000000-0000-0000-0000-000000000001', NULL, 'Aço CA-50 Ø 10mm', 'kg', 15000.00, 'Vergalhão CA-50 nervurado, diâmetro 10mm, barras de 12m', 7.50, 1, NOW(), NOW(), '20000000-0000-0000-0000-000000000002', '20000000-0000-0000-0000-000000000002', false, NULL, '00000000-0000-0000-0000-000000000000'),
('a2000000-0000-0000-0000-000000000002', '10000000-0000-0000-0000-000000000001', 'a1000000-0000-0000-0000-000000000001', NULL, 'Aço CA-50 Ø 16mm', 'kg', 22000.00, 'Vergalhão CA-50 nervurado, diâmetro 16mm, barras de 12m', 7.80, 2, NOW(), NOW(), '20000000-0000-0000-0000-000000000002', '20000000-0000-0000-0000-000000000002', false, NULL, '00000000-0000-0000-0000-000000000000'),
('a2000000-0000-0000-0000-000000000003', '10000000-0000-0000-0000-000000000001', 'a1000000-0000-0000-0000-000000000001', NULL, 'Aço CA-50 Ø 20mm', 'kg', 18000.00, 'Vergalhão CA-50 nervurado, diâmetro 20mm, barras de 12m', 7.90, 3, NOW(), NOW(), '20000000-0000-0000-0000-000000000002', '20000000-0000-0000-0000-000000000002', false, NULL, '00000000-0000-0000-0000-000000000000'),
('a2000000-0000-0000-0000-000000000004', '10000000-0000-0000-0000-000000000001', 'a1000000-0000-0000-0000-000000000001', NULL, 'Aço CA-60 Ø 5mm', 'kg', 8000.00, 'Arame CA-60, diâmetro 5mm, rolo', 9.20, 4, NOW(), NOW(), '20000000-0000-0000-0000-000000000002', '20000000-0000-0000-0000-000000000002', false, NULL, '00000000-0000-0000-0000-000000000000'),
('a2000000-0000-0000-0000-000000000005', '10000000-0000-0000-0000-000000000001', 'a1000000-0000-0000-0000-000000000002', NULL, 'Quadro de distribuição 36 disjuntores', 'un', 12.00, 'QDC embutir, 36 posições, barramento trifásico 100A', 450.00, 1, NOW(), NOW(), '20000000-0000-0000-0000-000000000002', '20000000-0000-0000-0000-000000000002', false, NULL, '00000000-0000-0000-0000-000000000000'),
('a2000000-0000-0000-0000-000000000006', '10000000-0000-0000-0000-000000000001', 'a1000000-0000-0000-0000-000000000002', NULL, 'Disjuntor bipolar 32A curva C', 'un', 48.00, 'Disjuntor DIN bipolar 32A, curva C, 10kA', 35.00, 2, NOW(), NOW(), '20000000-0000-0000-0000-000000000002', '20000000-0000-0000-0000-000000000002', false, NULL, '00000000-0000-0000-0000-000000000000'),
('a2000000-0000-0000-0000-000000000007', '10000000-0000-0000-0000-000000000001', 'a1000000-0000-0000-0000-000000000002', NULL, 'Disjuntor tripolar 63A curva C', 'un', 24.00, 'Disjuntor DIN tripolar 63A, curva C, 10kA', 120.00, 3, NOW(), NOW(), '20000000-0000-0000-0000-000000000002', '20000000-0000-0000-0000-000000000002', false, NULL, '00000000-0000-0000-0000-000000000000'),
('a2000000-0000-0000-0000-000000000008', '10000000-0000-0000-0000-000000000001', 'a1000000-0000-0000-0000-000000000002', NULL, 'Dispositivo DR 40A 30mA', 'un', 24.00, 'DR tetrapolar 40A sensibilidade 30mA', 185.00, 4, NOW(), NOW(), '20000000-0000-0000-0000-000000000002', '20000000-0000-0000-0000-000000000002', false, NULL, '00000000-0000-0000-0000-000000000000'),
('a2000000-0000-0000-0000-000000000009', '10000000-0000-0000-0000-000000000001', 'a1000000-0000-0000-0000-000000000003', NULL, 'Concreto usinado FCK 30 MPa', 'm³', 1500.00, 'Concreto usinado FCK 30 MPa, slump 10±2, brita 1', 420.00, 1, NOW(), NOW(), '20000000-0000-0000-0000-000000000002', '20000000-0000-0000-0000-000000000002', false, NULL, '00000000-0000-0000-0000-000000000000'),
('a2000000-0000-0000-0000-000000000010', '10000000-0000-0000-0000-000000000001', 'a1000000-0000-0000-0000-000000000003', NULL, 'Concreto usinado FCK 40 MPa', 'm³', 1000.00, 'Concreto usinado FCK 40 MPa, slump 10±2, brita 1', 490.00, 2, NOW(), NOW(), '20000000-0000-0000-0000-000000000002', '20000000-0000-0000-0000-000000000002', false, NULL, '00000000-0000-0000-0000-000000000000'),
('a2000000-0000-0000-0000-000000000011', '10000000-0000-0000-0000-000000000001', 'a1000000-0000-0000-0000-000000000003', NULL, 'Serviço de bombeamento - bomba lança', 'm³', 2500.00, 'Bomba lança, alcance mínimo 32m', 55.00, 3, NOW(), NOW(), '20000000-0000-0000-0000-000000000002', '20000000-0000-0000-0000-000000000002', false, NULL, '00000000-0000-0000-0000-000000000000'),
('a2000000-0000-0000-0000-000000000012', '10000000-0000-0000-0000-000000000001', 'a1000000-0000-0000-0000-000000000003', NULL, 'Ensaio de corpo de prova (rompimento)', 'un', 150.00, 'Coleta, moldagem e rompimento CP cilíndrico 10x20cm', 25.00, 4, NOW(), NOW(), '20000000-0000-0000-0000-000000000002', '20000000-0000-0000-0000-000000000002', false, NULL, '00000000-0000-0000-0000-000000000000');

-- =============================================
-- 6. PedidosCompra
-- =============================================
INSERT INTO "PedidosCompra" (
    "Id", "EmpresaId", "ObraId", "CotacaoId", "FornecedorId", "AlmoxarifadoId",
    "Numero", "Status", "DataPedido", "DataEntregaPrevista", "DataEntregaReal",
    "FormaPagamento", "CondicoesPagamento", "LocalEntrega", "Observacoes",
    "ValorFrete", "ValorDesconto", "ValorTotal",
    "AprovadoPor", "DataAprovacao", "MotivoRejeicao", "CriadoPor",
    "CreatedAt", "UpdatedAt", "CreatedBy", "UpdatedBy", "IsDeleted", "DeletedAt", "DeletedBy"
) VALUES
('a3000000-0000-0000-0000-000000000001', '10000000-0000-0000-0000-000000000001', 'b1000000-0000-0000-0000-000000000002', 'a1000000-0000-0000-0000-000000000002', 'f1000000-0000-0000-0000-000000000003', NULL, 'PC-0001', 3, '2025-07-05', '2025-07-20', NULL, 4, '30/60/90 DDL', 'Canteiro de obras - Centro Comercial Horizonte', 'Conforme cotação COT-0002.', 0.00, 850.00, 14270.00, '20000000-0000-0000-0000-000000000002', '2025-07-06', NULL, '20000000-0000-0000-0000-000000000002', NOW(), NOW(), '20000000-0000-0000-0000-000000000002', '20000000-0000-0000-0000-000000000002', false, NULL, '00000000-0000-0000-0000-000000000000'),
('a3000000-0000-0000-0000-000000000002', '10000000-0000-0000-0000-000000000001', 'b1000000-0000-0000-0000-000000000003', 'a1000000-0000-0000-0000-000000000003', 'f1000000-0000-0000-0000-000000000002', NULL, 'PC-0002', 4, '2025-05-02', '2025-05-15', NULL, 6, '28 DDL', 'Canteiro de obras - Ponte Sobre Rio Tietê', 'Primeira remessa de concreto.', 0.00, 0.00, 767500.00, '20000000-0000-0000-0000-000000000002', '2025-05-03', NULL, '20000000-0000-0000-0000-000000000002', NOW(), NOW(), '20000000-0000-0000-0000-000000000002', '20000000-0000-0000-0000-000000000002', false, NULL, '00000000-0000-0000-0000-000000000000'),
('a3000000-0000-0000-0000-000000000003', '10000000-0000-0000-0000-000000000001', 'b1000000-0000-0000-0000-000000000001', NULL, 'f1000000-0000-0000-0000-000000000004', NULL, 'PC-0003', 6, '2025-04-10', '2025-04-25', '2025-04-23', 4, '30 DDL', 'Almoxarifado central - Edifício Vila Nova', 'Material para alvenaria e revestimento.', 1200.00, 0.00, 48700.00, '20000000-0000-0000-0000-000000000002', '2025-04-11', NULL, '20000000-0000-0000-0000-000000000002', NOW(), NOW(), '20000000-0000-0000-0000-000000000002', '20000000-0000-0000-0000-000000000002', false, NULL, '00000000-0000-0000-0000-000000000000'),
('a3000000-0000-0000-0000-000000000004', '10000000-0000-0000-0000-000000000001', 'b1000000-0000-0000-0000-000000000001', NULL, 'f1000000-0000-0000-0000-000000000007', NULL, 'PC-0004', 3, '2025-09-20', '2025-10-05', NULL, 3, 'À vista com 5% de desconto', 'Almoxarifado central - Edifício Vila Nova', 'Reposição trimestral de EPIs.', 350.00, 1250.00, 23850.00, '20000000-0000-0000-0000-000000000002', '2025-09-21', NULL, '20000000-0000-0000-0000-000000000002', NOW(), NOW(), '20000000-0000-0000-0000-000000000002', '20000000-0000-0000-0000-000000000002', false, NULL, '00000000-0000-0000-0000-000000000000');

-- =============================================
-- 7. ItensPedidoCompra
-- =============================================
INSERT INTO "ItensPedidoCompra" (
    "Id", "EmpresaId", "PedidoId", "MaterialId", "Descricao", "UnidadeMedida",
    "QuantidadePedida", "QuantidadeRecebida", "PrecoUnitario",
    "CreatedAt", "UpdatedAt", "CreatedBy", "UpdatedBy", "IsDeleted", "DeletedAt", "DeletedBy"
) VALUES
('a4000000-0000-0000-0000-000000000001', '10000000-0000-0000-0000-000000000001', 'a3000000-0000-0000-0000-000000000001', NULL, 'Quadro de distribuição 36 disjuntores', 'un', 12.00, 0.00, 420.00, NOW(), NOW(), '20000000-0000-0000-0000-000000000002', '20000000-0000-0000-0000-000000000002', false, NULL, '00000000-0000-0000-0000-000000000000'),
('a4000000-0000-0000-0000-000000000002', '10000000-0000-0000-0000-000000000001', 'a3000000-0000-0000-0000-000000000001', NULL, 'Disjuntor bipolar 32A curva C', 'un', 48.00, 0.00, 32.50, NOW(), NOW(), '20000000-0000-0000-0000-000000000002', '20000000-0000-0000-0000-000000000002', false, NULL, '00000000-0000-0000-0000-000000000000'),
('a4000000-0000-0000-0000-000000000003', '10000000-0000-0000-0000-000000000001', 'a3000000-0000-0000-0000-000000000001', NULL, 'Disjuntor tripolar 63A curva C', 'un', 24.00, 0.00, 110.00, NOW(), NOW(), '20000000-0000-0000-0000-000000000002', '20000000-0000-0000-0000-000000000002', false, NULL, '00000000-0000-0000-0000-000000000000'),
('a4000000-0000-0000-0000-000000000004', '10000000-0000-0000-0000-000000000001', 'a3000000-0000-0000-0000-000000000001', NULL, 'Dispositivo DR 40A 30mA', 'un', 24.00, 0.00, 175.00, NOW(), NOW(), '20000000-0000-0000-0000-000000000002', '20000000-0000-0000-0000-000000000002', false, NULL, '00000000-0000-0000-0000-000000000000'),
('a4000000-0000-0000-0000-000000000005', '10000000-0000-0000-0000-000000000001', 'a3000000-0000-0000-0000-000000000002', NULL, 'Concreto usinado FCK 30 MPa', 'm³', 800.00, 0.00, 410.00, NOW(), NOW(), '20000000-0000-0000-0000-000000000002', '20000000-0000-0000-0000-000000000002', false, NULL, '00000000-0000-0000-0000-000000000000'),
('a4000000-0000-0000-0000-000000000006', '10000000-0000-0000-0000-000000000001', 'a3000000-0000-0000-0000-000000000002', NULL, 'Concreto usinado FCK 40 MPa', 'm³', 500.00, 0.00, 475.00, NOW(), NOW(), '20000000-0000-0000-0000-000000000002', '20000000-0000-0000-0000-000000000002', false, NULL, '00000000-0000-0000-0000-000000000000'),
('a4000000-0000-0000-0000-000000000007', '10000000-0000-0000-0000-000000000001', 'a3000000-0000-0000-0000-000000000002', NULL, 'Serviço de bombeamento - bomba lança', 'm³', 1300.00, 0.00, 50.00, NOW(), NOW(), '20000000-0000-0000-0000-000000000002', '20000000-0000-0000-0000-000000000002', false, NULL, '00000000-0000-0000-0000-000000000000'),
('a4000000-0000-0000-0000-000000000008', '10000000-0000-0000-0000-000000000001', 'a3000000-0000-0000-0000-000000000003', NULL, 'Cimento CP-II-E-32 saco 50kg', 'sc', 500.00, 500.00, 38.00, NOW(), NOW(), '20000000-0000-0000-0000-000000000002', '20000000-0000-0000-0000-000000000002', false, NULL, '00000000-0000-0000-0000-000000000000'),
('a4000000-0000-0000-0000-000000000009', '10000000-0000-0000-0000-000000000001', 'a3000000-0000-0000-0000-000000000003', NULL, 'Areia média lavada', 'm³', 120.00, 120.00, 130.00, NOW(), NOW(), '20000000-0000-0000-0000-000000000002', '20000000-0000-0000-0000-000000000002', false, NULL, '00000000-0000-0000-0000-000000000000'),
('a4000000-0000-0000-0000-000000000010', '10000000-0000-0000-0000-000000000001', 'a3000000-0000-0000-0000-000000000003', NULL, 'Brita nº 1', 'm³', 80.00, 80.00, 145.00, NOW(), NOW(), '20000000-0000-0000-0000-000000000002', '20000000-0000-0000-0000-000000000002', false, NULL, '00000000-0000-0000-0000-000000000000'),
('a4000000-0000-0000-0000-000000000011', '10000000-0000-0000-0000-000000000001', 'a3000000-0000-0000-0000-000000000004', NULL, 'Capacete de segurança classe B', 'un', 50.00, 0.00, 45.00, NOW(), NOW(), '20000000-0000-0000-0000-000000000002', '20000000-0000-0000-0000-000000000002', false, NULL, '00000000-0000-0000-0000-000000000000'),
('a4000000-0000-0000-0000-000000000012', '10000000-0000-0000-0000-000000000001', 'a3000000-0000-0000-0000-000000000004', NULL, 'Botina de segurança com biqueira de aço', 'par', 50.00, 0.00, 120.00, NOW(), NOW(), '20000000-0000-0000-0000-000000000002', '20000000-0000-0000-0000-000000000002', false, NULL, '00000000-0000-0000-0000-000000000000'),
('a4000000-0000-0000-0000-000000000013', '10000000-0000-0000-0000-000000000001', 'a3000000-0000-0000-0000-000000000004', NULL, 'Luva de proteção em vaqueta', 'par', 100.00, 0.00, 28.00, NOW(), NOW(), '20000000-0000-0000-0000-000000000002', '20000000-0000-0000-0000-000000000002', false, NULL, '00000000-0000-0000-0000-000000000000'),
('a4000000-0000-0000-0000-000000000014', '10000000-0000-0000-0000-000000000001', 'a3000000-0000-0000-0000-000000000004', NULL, 'Cinto de segurança tipo paraquedista', 'un', 30.00, 0.00, 285.00, NOW(), NOW(), '20000000-0000-0000-0000-000000000002', '20000000-0000-0000-0000-000000000002', false, NULL, '00000000-0000-0000-0000-000000000000');

-- =============================================
-- 8. LancamentosFinanceiros
-- =============================================
INSERT INTO "LancamentosFinanceiros" (
    "Id", "EmpresaId", "ObraId", "CentroCustoId", "ContaBancariaId", "PlanoContaId",
    "FornecedorId", "ContratoId", "PedidoCompraId",
    "Descricao", "Tipo", "Status", "Valor", "ValorRealizado",
    "DataVencimento", "DataPagamento", "DataCompetencia",
    "FormaPagamentoEnum", "NumeroDocumento", "NumeroNF",
    "Repetir", "Periodicidade", "QtdParcelas", "NumeroParcela", "LancamentoPaiId",
    "Observacoes", "ComprovantePagUrl",
    "StatusAprovacao", "AprovadoPor", "DataAprovacao", "CriadoPor",
    "CreatedAt", "UpdatedAt", "CreatedBy", "UpdatedBy", "IsDeleted", "DeletedAt", "DeletedBy"
) VALUES
('e2000000-0000-0000-0000-000000000001', '10000000-0000-0000-0000-000000000001', 'b1000000-0000-0000-0000-000000000001', '40000000-0000-0000-0000-000000000001', '50000000-0000-0000-0000-000000000001', '30000000-0000-0000-0000-000000000001', NULL, NULL, NULL, 'Fatura 1ª medição - Edifício Residencial Vila Nova', 1, 2, 850000.00, 850000.00, '2025-05-15', '2025-05-14', '2025-05-01', 3, 'FAT-2025-001', 'NF-00152', false, NULL, NULL, NULL, NULL, 'Pagamento referente à 1ª medição aprovada pelo cliente', NULL, 2, '20000000-0000-0000-0000-000000000002', '2025-05-14', '20000000-0000-0000-0000-000000000002', NOW(), NOW(), '20000000-0000-0000-0000-000000000002', '20000000-0000-0000-0000-000000000002', false, NULL, '00000000-0000-0000-0000-000000000000'),
('e2000000-0000-0000-0000-000000000002', '10000000-0000-0000-0000-000000000001', 'b1000000-0000-0000-0000-000000000001', '40000000-0000-0000-0000-000000000001', '50000000-0000-0000-0000-000000000001', '30000000-0000-0000-0000-000000000001', NULL, NULL, NULL, 'Fatura 2ª medição - Edifício Residencial Vila Nova', 1, 2, 920000.00, 920000.00, '2025-06-15', '2025-06-16', '2025-06-01', 3, 'FAT-2025-002', 'NF-00187', false, NULL, NULL, NULL, NULL, NULL, NULL, 2, '20000000-0000-0000-0000-000000000002', '2025-06-16', '20000000-0000-0000-0000-000000000002', NOW(), NOW(), '20000000-0000-0000-0000-000000000002', '20000000-0000-0000-0000-000000000002', false, NULL, '00000000-0000-0000-0000-000000000000'),
('e2000000-0000-0000-0000-000000000003', '10000000-0000-0000-0000-000000000001', 'b1000000-0000-0000-0000-000000000002', '40000000-0000-0000-0000-000000000002', '50000000-0000-0000-0000-000000000001', '30000000-0000-0000-0000-000000000002', NULL, NULL, NULL, 'Fatura 1ª medição - Centro Comercial Horizonte', 1, 1, 1250000.00, NULL, '2025-10-20', NULL, '2025-10-01', NULL, 'FAT-2025-003', NULL, false, NULL, NULL, NULL, NULL, 'Aguardando aprovação da medição pelo cliente', NULL, 1, NULL, NULL, '20000000-0000-0000-0000-000000000002', NOW(), NOW(), '20000000-0000-0000-0000-000000000002', '20000000-0000-0000-0000-000000000002', false, NULL, '00000000-0000-0000-0000-000000000000'),
('e2000000-0000-0000-0000-000000000004', '10000000-0000-0000-0000-000000000001', 'b1000000-0000-0000-0000-000000000001', '40000000-0000-0000-0000-000000000001', '50000000-0000-0000-0000-000000000001', '30000000-0000-0000-0000-000000000004', 'f1000000-0000-0000-0000-000000000001', 'd1000000-0000-0000-0000-000000000001', NULL, 'Pagamento medição 1 - Estrutura metálica Vila Nova', 2, 2, 451250.00, 451250.00, '2025-06-04', '2025-06-04', '2025-05-01', 3, 'PAG-2025-001', 'NF-F-00341', false, NULL, NULL, NULL, NULL, 'Valor líquido após retenção de 5%', NULL, 2, '20000000-0000-0000-0000-000000000002', '2025-06-03', '20000000-0000-0000-0000-000000000002', NOW(), NOW(), '20000000-0000-0000-0000-000000000002', '20000000-0000-0000-0000-000000000002', false, NULL, '00000000-0000-0000-0000-000000000000'),
('e2000000-0000-0000-0000-000000000005', '10000000-0000-0000-0000-000000000001', 'b1000000-0000-0000-0000-000000000001', '40000000-0000-0000-0000-000000000001', '50000000-0000-0000-0000-000000000001', '30000000-0000-0000-0000-000000000004', 'f1000000-0000-0000-0000-000000000001', 'd1000000-0000-0000-0000-000000000001', NULL, 'Pagamento medição 2 - Estrutura metálica Vila Nova', 2, 2, 541500.00, 541500.00, '2025-07-05', '2025-07-05', '2025-06-01', 3, 'PAG-2025-002', 'NF-F-00389', false, NULL, NULL, NULL, NULL, NULL, NULL, 2, '20000000-0000-0000-0000-000000000002', '2025-07-04', '20000000-0000-0000-0000-000000000002', NOW(), NOW(), '20000000-0000-0000-0000-000000000002', '20000000-0000-0000-0000-000000000002', false, NULL, '00000000-0000-0000-0000-000000000000'),
('e2000000-0000-0000-0000-000000000006', '10000000-0000-0000-0000-000000000001', 'b1000000-0000-0000-0000-000000000002', '40000000-0000-0000-0000-000000000002', '50000000-0000-0000-0000-000000000001', '30000000-0000-0000-0000-000000000005', 'f1000000-0000-0000-0000-000000000003', 'd1000000-0000-0000-0000-000000000002', NULL, 'Pagamento medição 1 - Instalações elétricas Horizonte', 2, 2, 332500.00, 332500.00, '2025-07-19', '2025-07-18', '2025-07-01', 3, 'PAG-2025-003', 'NF-F-00412', false, NULL, NULL, NULL, NULL, NULL, NULL, 2, '20000000-0000-0000-0000-000000000002', '2025-07-18', '20000000-0000-0000-0000-000000000002', NOW(), NOW(), '20000000-0000-0000-0000-000000000002', '20000000-0000-0000-0000-000000000002', false, NULL, '00000000-0000-0000-0000-000000000000'),
('e2000000-0000-0000-0000-000000000007', '10000000-0000-0000-0000-000000000001', 'b1000000-0000-0000-0000-000000000002', '40000000-0000-0000-0000-000000000002', '50000000-0000-0000-0000-000000000001', '30000000-0000-0000-0000-000000000006', 'f1000000-0000-0000-0000-000000000003', NULL, 'a3000000-0000-0000-0000-000000000001', 'Compra material elétrico - Quadros e disjuntores', 2, 1, 14270.00, NULL, '2025-08-05', NULL, '2025-07-01', 4, 'PAG-2025-004', NULL, false, NULL, NULL, NULL, NULL, 'Referente ao pedido PC-0001', NULL, 1, NULL, NULL, '20000000-0000-0000-0000-000000000002', NOW(), NOW(), '20000000-0000-0000-0000-000000000002', '20000000-0000-0000-0000-000000000002', false, NULL, '00000000-0000-0000-0000-000000000000'),
('e2000000-0000-0000-0000-000000000008', '10000000-0000-0000-0000-000000000001', 'b1000000-0000-0000-0000-000000000003', '40000000-0000-0000-0000-000000000003', '50000000-0000-0000-0000-000000000001', '30000000-0000-0000-0000-000000000006', 'f1000000-0000-0000-0000-000000000002', NULL, 'a3000000-0000-0000-0000-000000000002', 'Concreto usinado 1ª remessa - Infraestrutura viária', 2, 2, 383750.00, 383750.00, '2025-06-02', '2025-06-02', '2025-05-01', 3, 'PAG-2025-005', 'NF-F-00278', false, NULL, NULL, NULL, NULL, NULL, NULL, 2, '20000000-0000-0000-0000-000000000002', '2025-06-01', '20000000-0000-0000-0000-000000000002', NOW(), NOW(), '20000000-0000-0000-0000-000000000002', '20000000-0000-0000-0000-000000000002', false, NULL, '00000000-0000-0000-0000-000000000000'),
('e2000000-0000-0000-0000-000000000009', '10000000-0000-0000-0000-000000000001', 'b1000000-0000-0000-0000-000000000003', '40000000-0000-0000-0000-000000000003', '50000000-0000-0000-0000-000000000001', '30000000-0000-0000-0000-000000000006', 'f1000000-0000-0000-0000-000000000002', NULL, 'a3000000-0000-0000-0000-000000000002', 'Concreto usinado 2ª remessa - ATRASADO', 2, 3, 383750.00, NULL, '2025-07-02', NULL, '2025-06-01', NULL, 'PAG-2025-006', NULL, false, NULL, NULL, NULL, NULL, 'Parcela 2/2 do pedido PC-0002.', NULL, 1, NULL, NULL, '20000000-0000-0000-0000-000000000002', NOW(), NOW(), '20000000-0000-0000-0000-000000000002', '20000000-0000-0000-0000-000000000002', false, NULL, '00000000-0000-0000-0000-000000000000'),
('e2000000-0000-0000-0000-000000000010', '10000000-0000-0000-0000-000000000001', 'b1000000-0000-0000-0000-000000000001', '40000000-0000-0000-0000-000000000001', '50000000-0000-0000-0000-000000000001', '30000000-0000-0000-0000-000000000006', 'f1000000-0000-0000-0000-000000000004', NULL, 'a3000000-0000-0000-0000-000000000003', 'Cimento, areia e brita - Edifício Vila Nova', 2, 2, 48700.00, 48700.00, '2025-05-25', '2025-05-23', '2025-04-01', 4, 'PAG-2025-007', 'NF-F-00198', false, NULL, NULL, NULL, NULL, NULL, NULL, 2, '20000000-0000-0000-0000-000000000002', '2025-05-22', '20000000-0000-0000-0000-000000000002', NOW(), NOW(), '20000000-0000-0000-0000-000000000002', '20000000-0000-0000-0000-000000000002', false, NULL, '00000000-0000-0000-0000-000000000000'),
('e2000000-0000-0000-0000-000000000011', '10000000-0000-0000-0000-000000000001', NULL, '40000000-0000-0000-0000-000000000004', '50000000-0000-0000-0000-000000000001', '30000000-0000-0000-0000-000000000007', NULL, NULL, NULL, 'Folha de pagamento - Maio/2025', 2, 2, 187500.00, 187500.00, '2025-06-05', '2025-06-05', '2025-05-01', 3, 'FP-2025-05', NULL, true, 'Mensal', 12, 5, NULL, NULL, NULL, 2, '20000000-0000-0000-0000-000000000002', '2025-06-04', '20000000-0000-0000-0000-000000000002', NOW(), NOW(), '20000000-0000-0000-0000-000000000002', '20000000-0000-0000-0000-000000000002', false, NULL, '00000000-0000-0000-0000-000000000000'),
('e2000000-0000-0000-0000-000000000012', '10000000-0000-0000-0000-000000000001', NULL, '40000000-0000-0000-0000-000000000004', '50000000-0000-0000-0000-000000000001', '30000000-0000-0000-0000-000000000007', NULL, NULL, NULL, 'Folha de pagamento - Junho/2025', 2, 2, 187500.00, 187500.00, '2025-07-05', '2025-07-07', '2025-06-01', 3, 'FP-2025-06', NULL, true, 'Mensal', 12, 6, NULL, NULL, NULL, 2, '20000000-0000-0000-0000-000000000002', '2025-07-04', '20000000-0000-0000-0000-000000000002', NOW(), NOW(), '20000000-0000-0000-0000-000000000002', '20000000-0000-0000-0000-000000000002', false, NULL, '00000000-0000-0000-0000-000000000000'),
('e2000000-0000-0000-0000-000000000013', '10000000-0000-0000-0000-000000000001', 'b1000000-0000-0000-0000-000000000001', '40000000-0000-0000-0000-000000000001', '50000000-0000-0000-0000-000000000001', '30000000-0000-0000-0000-000000000008', 'f1000000-0000-0000-0000-000000000005', NULL, NULL, 'Aluguel mensal guindaste e plataforma elevatória', 2, 1, 45000.00, NULL, '2025-10-10', NULL, '2025-10-01', 4, 'ALQ-2025-010', NULL, true, 'Mensal', 6, 1, NULL, NULL, NULL, 1, NULL, NULL, '20000000-0000-0000-0000-000000000002', NOW(), NOW(), '20000000-0000-0000-0000-000000000002', '20000000-0000-0000-0000-000000000002', false, NULL, '00000000-0000-0000-0000-000000000000'),
('e2000000-0000-0000-0000-000000000014', '10000000-0000-0000-0000-000000000001', 'b1000000-0000-0000-0000-000000000003', '40000000-0000-0000-0000-000000000003', '50000000-0000-0000-0000-000000000001', '30000000-0000-0000-0000-000000000003', NULL, NULL, NULL, 'Fatura medição inicial - Ponte Sobre Rio Tietê - ATRASADO', 1, 3, 2100000.00, NULL, '2025-08-30', NULL, '2025-08-01', NULL, 'FAT-2025-004', NULL, false, NULL, NULL, NULL, NULL, 'Cliente solicitou prorrogação.', NULL, 1, NULL, NULL, '20000000-0000-0000-0000-000000000002', NOW(), NOW(), '20000000-0000-0000-0000-000000000002', '20000000-0000-0000-0000-000000000002', false, NULL, '00000000-0000-0000-0000-000000000000'),
('e2000000-0000-0000-0000-000000000015', '10000000-0000-0000-0000-000000000001', 'b1000000-0000-0000-0000-000000000001', '40000000-0000-0000-0000-000000000001', '50000000-0000-0000-0000-000000000001', '30000000-0000-0000-0000-000000000009', 'f1000000-0000-0000-0000-000000000007', NULL, 'a3000000-0000-0000-0000-000000000004', 'EPIs - Reposição trimestral', 2, 1, 23850.00, NULL, '2025-10-20', NULL, '2025-10-01', 6, 'PAG-2025-008', NULL, false, NULL, NULL, NULL, NULL, 'Referente ao pedido PC-0004.', NULL, 1, NULL, NULL, '20000000-0000-0000-0000-000000000002', NOW(), NOW(), '20000000-0000-0000-0000-000000000002', '20000000-0000-0000-0000-000000000002', false, NULL, '00000000-0000-0000-0000-000000000000');

